date,username,to,replies,retweets,favorites,text,geo,mentions,hashtags,id,permalink
2019-12-10 23:20:10,thenym_ph,,0,0,1,"Tossing water guns at Nigerians in this Buhari regime nigga you’re lucky nobody slapped you or shouted “ole”",,,,1204541344913510401,https://twitter.com/thenym_ph/status/1204541344913510401
2019-12-10 22:59:53,bidexflex,splashfordd,0,0,0,"U nid to b slapped",,,,1204536240856588288,https://twitter.com/bidexflex/status/1204536240856588288
2019-12-10 22:23:49,tolumoteni,fIeurjaehyun,0,0,0,"I watched a cute boy do this once, he got slapped 80% of the time. Why does no one think a slap on a fine girl's cheek is cool? Toxic patriarchy, perhaps? Lmao! https://twitter.com/fIeurjaehyun/status/1203952144036122625 …",,,,1204527163753541632,https://twitter.com/tolumoteni/status/1204527163753541632
2019-12-10 21:59:44,_Damayo,C__Emeka,0,0,0,"You’re gonna get slapped bruv",,,,1204521102904643590,https://twitter.com/_Damayo/status/1204521102904643590
2019-12-10 20:19:57,titonwudinjo,C__Emeka,0,0,1,"You gon be slapped bro https://twitter.com/c__emeka/status/1204266180321665024 …",,,,1204495991879208961,https://twitter.com/titonwudinjo/status/1204495991879208961
2019-12-10 18:54:14,abiolabada5,TomyyO_,0,0,0,"That point he slapped it",,,,1204474420376604673,https://twitter.com/abiolabada5/status/1204474420376604673
2019-12-10 17:44:17,joachim_Okhai,,0,0,0,"Kogi polls: I only slapped Abuh on election day —Principal suspect https://bit.ly/2YBWfEI",,,,1204456816681332736,https://twitter.com/joachim_Okhai/status/1204456816681332736
2019-12-10 17:17:06,farexfinny,ritaUdominic,0,0,0,"My lookalik.. yeee who slapped me?! https://twitter.com/ritaUdominic/status/1204441703479988226 …",,,,1204449975142354946,https://twitter.com/farexfinny/status/1204449975142354946
2019-12-10 17:04:27,talkagblogoffi1,,0,0,0,"Segun Arinze explains why he slapped his security guard - Talka~G~blog https://talkagblog.com/segun-arinze-explains-why-he-slapped-his-security-guard/ …",,,,1204446790646468610,https://twitter.com/talkagblogoffi1/status/1204446790646468610
2019-12-10 16:57:48,perrioooooo,,0,0,0,"Next lil white boy I hear say nigga getting slapped",,,,1204445118528393217,https://twitter.com/perrioooooo/status/1204445118528393217
2019-12-10 16:43:38,preppin2,,0,0,0,"Kogi polls: I only slapped Abuh on election day —Principal suspect https://bit.ly/2YBWfEI",,,,1204441552992559104,https://twitter.com/preppin2/status/1204441552992559104
2019-12-10 16:29:57,MobilePunch,,5,17,47,"Kogi polls: I only slapped Abuh on election day —Principal suspect https://bit.ly/2YBWfEI",,,,1204438109318008833,https://twitter.com/MobilePunch/status/1204438109318008833
2019-12-10 14:18:39,melotreaah,,9,29,50,"Video calls should be booked in advance. Please stop stressing ladies to be running around looking for their wigs. Who slapped me?? pic.twitter.com/PwjcMUhvvu",,,,1204405065773146112,https://twitter.com/melotreaah/status/1204405065773146112
2019-12-10 14:10:51,Akinpersie,dejiborewa,1,0,0,"0... I might get slapped for trying to initiate a hug sef.",,,,1204403106588565505,https://twitter.com/Akinpersie/status/1204403106588565505
2019-12-10 13:52:56,TheInfamousEric,babekxng,0,0,1,"This slapped me! Especially going through his TL. There's no way anyone would've guessed he's underaged. Although, I could see it in his face but not 18! The body itself is already 25 like this",,,,1204398593949544449,https://twitter.com/TheInfamousEric/status/1204398593949544449
2019-12-10 13:52:36,jivenaija,,0,0,0,"Segun Arinze confirms he slapped his houseboy out of 'bottled up anger' https://www.jivenaija.com/entertainment/movies/segun-arinze-confirms-he-slapped-houseboy-out-of-bottled-up-anger …",,,,1204398511745314816,https://twitter.com/jivenaija/status/1204398511745314816
2019-12-10 13:04:29,Godwilnotwhineu,jerneeeeey,0,0,0,"The level at which people dish out small talks is amazing Soi will slap my wife because she slapped me,well well these is where 'women wanting to be men has brought us' https://twitter.com/jerneeeeey/status/1204323210524803072 …",,,,1204386403410468865,https://twitter.com/Godwilnotwhineu/status/1204386403410468865
2019-12-10 12:51:36,ChukaTerry,,1,0,0,"I slapped you, you slap me back Are you mad ??? What if i faint",,,,1204383160601055232,https://twitter.com/ChukaTerry/status/1204383160601055232
2019-12-10 12:07:19,9jaunlocked,,0,0,0,"Segun Arinze explains why he slapped his security guard https://9jaunlocked.com/2019/12/10/segun-arinze-explains-why-he-slapped-his-security-guard/ …pic.twitter.com/sIDGDWA0n5",,,,1204372017224585216,https://twitter.com/9jaunlocked/status/1204372017224585216
2019-12-10 11:33:01,kaladze__,PoojaMedia,0,0,0,"The 2nd wld have slapped harder if you are sitting on that throne https://twitter.com/poojamedia/status/1204322813932384256 …",,,,1204363384881393664,https://twitter.com/kaladze__/status/1204363384881393664
2019-12-10 10:45:40,Abiola_iyiola_,Jerziiii,1,0,0,"On social media we’re all justifying why we’d hit women if they hit us ..but I wouldn’t advice guys to try it(at least not in public)I witnessed an Aboki & a Lady in a brawl at Eko..it was cool while she slapped him. it wasn’t until he hit her back, people knew they’d intervene",,,,1204351469102735360,https://twitter.com/Abiola_iyiola_/status/1204351469102735360
2019-12-10 10:00:15,vsdtech,,0,0,0,"Segun Arinze explains why he slapped his security guard #CelebGistshttps://lailasnews.com/segun-arinze-explains-why-he-slapped-his-security-guard/ …",,,#CelebGistshttps,1204340039196532736,https://twitter.com/vsdtech/status/1204340039196532736
2019-12-10 09:58:19,joyceonyekwere,,0,0,0,"Segun Arinze explains why he slapped his security guard https://joyceonyekwereblog.com/segun-arinze-explains-why-he-slapped-his-security-guard/ …",,,,1204339551440949248,https://twitter.com/joyceonyekwere/status/1204339551440949248
2019-12-10 09:04:07,afri_handel1,adeyanjudeji,0,0,0,"Yes I remember when a judge was slapped inside the court room in Ekiti by a state governor and asked his boys to destroy everything in the court that was when our democracy was in the hands of the democrats...",,,,1204325911904034817,https://twitter.com/afri_handel1/status/1204325911904034817
2019-12-10 08:32:18,ollyogundepo,freshldrb,0,2,1,"That shit slapped fr.",,,,1204317907141955584,https://twitter.com/ollyogundepo/status/1204317907141955584
2019-12-10 07:42:08,bushgirlsng,trending_medic,0,0,0,"That there, was REALITY that slapped her!",,,,1204305279753441281,https://twitter.com/bushgirlsng/status/1204305279753441281
2019-12-10 07:38:12,Ms_AhBee,Romaee_,1,0,0,"Do you need to be slapped dear?",,,,1204304292682883072,https://twitter.com/Ms_AhBee/status/1204304292682883072
2019-12-10 07:24:33,TheonlyWali,suleimana,0,0,0,"This slapped me so hard. Good Morning https://twitter.com/suleimana/status/1204297857244844032 …",,,,1204300856704880641,https://twitter.com/TheonlyWali/status/1204300856704880641
2019-12-10 05:59:56,Baro_of_Africa,jigilola,1,0,2,"This one has almost slapped somebody again https://twitter.com/jigilola/status/1204248831451373568 …",,,,1204279561309106176,https://twitter.com/Baro_of_Africa/status/1204279561309106176
2019-12-10 00:45:15,RNECKMOFO,AndrewPollackFL,0,0,0,"I would've slapped that little SumBitch to sleep! pic.twitter.com/KYvguqE6Q7",,,,1204200368986632192,https://twitter.com/RNECKMOFO/status/1204200368986632192
2019-12-09 23:39:11,4PF_A1,fIeurjaehyun,0,1,2,"I would’ve slapped a mf so quick https://twitter.com/fieurjaehyun/status/1203952144036122625 …",,,,1204183743252094977,https://twitter.com/4PF_A1/status/1204183743252094977
2019-12-09 22:46:12,mimi_chaka,fIeurjaehyun,8,15,42,"I slapped myself cause this video reminded me of how ugly my MCM is https://twitter.com/fieurjaehyun/status/1203952144036122625 …",,,,1204170408553005057,https://twitter.com/mimi_chaka/status/1204170408553005057
2019-12-09 22:34:55,kenyadad12,,1,1,8,"Scanlon just slapped down a white guy's request to butt in and I can see the pain on his face LMFAO A woman! LMFAO The GOP want women barefoot and pregnant They are all in against women AND minorities",,,,1204167570884087808,https://twitter.com/kenyadad12/status/1204167570884087808
2019-12-09 21:47:06,tgc4real,,1,0,17,"I am African, I am black, I am not Ghanaian or south African not even proud to be called nigerian. A country that doesn't celebrate successful youth. Abeg I am a Marlian n a titan kill yourself I said what I said. #GhanaVsNaija tacha unites us. Who slapped me? #TachaLeads",,,#GhanaVsNaija #TachaLeads,1204155536524152832,https://twitter.com/tgc4real/status/1204155536524152832
2019-12-09 21:39:14,dotmanajo,,0,0,0,"We get slapped by City bt this win if it happens wld give this team a bit of lift",,,,1204153556846174211,https://twitter.com/dotmanajo/status/1204153556846174211
2019-12-09 21:26:06,TheoBriggs18,,0,0,0,"2019 was that year when listening to ""Forest Hills Drive"" by J. Cole slapped differently... And I'm a hardcore trap fan. Lol",,,,1204150252804214784,https://twitter.com/TheoBriggs18/status/1204150252804214784
2019-12-09 21:10:43,DIxon_Mathis,nickhall802,1,0,0,"Well, have you slapped yourself yet? It's long overdue. Yoy may find you aren't as fragile as everyone thinks.",,,,1204146380597530625,https://twitter.com/DIxon_Mathis/status/1204146380597530625
2019-12-09 19:30:37,abaidaboss,therealokine,0,0,0,". You are obviously joking. Zakodie can't even come out to say this. Zakodie would have slapped you if he heard you make this statement. #ghanavsnigeria",,,#ghanavsnigeria,1204121189473509376,https://twitter.com/abaidaboss/status/1204121189473509376
2019-12-09 18:05:55,SanniAzeezatOl1,_Taaooma,0,0,0,"You get slapped too much abeg kilode, lol",,,,1204099871613095936,https://twitter.com/SanniAzeezatOl1/status/1204099871613095936
2019-12-09 18:00:33,_TheSerrano,its_blis,0,0,1,"What If I Died When You Slapped Me First?! https://twitter.com/its_blis/status/1203778453050462209 …",,,,1204098523261595649,https://twitter.com/_TheSerrano/status/1204098523261595649
2019-12-09 17:27:57,_Afunwa,Zeethrills,0,0,0,"Depending on the type of boss that slapped me...",,,,1204090318876020737,https://twitter.com/_Afunwa/status/1204090318876020737
2019-12-09 16:57:26,Aaura_fragrance,Zeethrills,0,0,1,"Slapped? Ah",,,,1204082637125627906,https://twitter.com/Aaura_fragrance/status/1204082637125627906
2019-12-09 15:20:11,ifeoluwa_joel2,IamTanimola,0,0,2,"You've ever been slapped so hard. You forgot what you did?",,,,1204058166692139010,https://twitter.com/ifeoluwa_joel2/status/1204058166692139010
2019-12-09 14:36:08,bbryonybb,macbuff_,1,0,1,"How can she called her own daughter the N word. I hope she gets slapped up and that kid should get taken off her",,,,1204047078177021952,https://twitter.com/bbryonybb/status/1204047078177021952
2019-12-09 14:14:40,Sirtee21,EgelleChristian,0,0,2,"A judge was slapped in the court premises by former governor, no noise then, Agba Jalingo is still in Cross River State government, no one is talking",,,,1204041676370653185,https://twitter.com/Sirtee21/status/1204041676370653185
2019-12-09 14:03:12,Abdul_TJ,,2,1,6,"That award nomination slap Meryl got in big little lies. Meryl can’t get slapped in a scene and not get a nomination for it nah. That’s a sin.",,,,1204038789506711553,https://twitter.com/Abdul_TJ/status/1204038789506711553
2019-12-09 13:44:03,BadejoSeun10,jaylym62,0,0,0,"She allowed? She should have slapped him when he was leaving and ordered him not to go",,,,1204033973615308801,https://twitter.com/BadejoSeun10/status/1204033973615308801
2019-12-09 10:37:06,maroq,Clan_Clueless,1,0,0,"Can't forget one time I was mad broke earlier this year. I had to buy roadside food and damn!!! Food was cheap and really slapped! Nearly went back to go buy again.",,,,1203986925918605312,https://twitter.com/maroq/status/1203986925918605312
2019-12-09 10:12:47,Leynad_Grey,,1,1,2,"I've never met a gorgeous woman who doesn’t like her face being slapped by the love of her life during sex lol",,,,1203980803388125184,https://twitter.com/Leynad_Grey/status/1203980803388125184
2019-12-09 10:01:45,Eva2Empress,papiejumanji,0,0,2,"Exactly, oh well you can still collect slap from your fada in his own kraal, your not too old to slapped",,,,1203978027232899072,https://twitter.com/Eva2Empress/status/1203978027232899072
2019-12-09 09:19:40,thedoyinajala,,1,1,3,"“Yes, we asked you to get married, not sleep with a bitch”, I snapped back There and then, my brother, for the first time in 10 years, slapped me. I never expected it. I just stood there, dumbfounded. “Now, get out! Get the fuck out of my house...",,,,1203967437089247232,https://twitter.com/thedoyinajala/status/1203967437089247232
2019-12-09 06:11:53,chiturunsirim,,0,0,0,"These skits with dirty slaps though...were they really slapped like that as kids????",,,,1203920179341729794,https://twitter.com/chiturunsirim/status/1203920179341729794
2019-12-09 06:11:46,GuysIambored,mmaryannaa_,0,0,0,"You see that slap he gave her. My mum would have thrown her plate on him. Then my sister would have slapped him before his hand touched my face. https://twitter.com/mmaryannaa_/status/1203402266390093825 …",,,,1203920150954565632,https://twitter.com/GuysIambored/status/1203920150954565632
2019-12-09 06:09:02,olalekanidris11,olalekanidris11,1,0,2,"@topeedward #Freshlypressed @YeleSowore rearrested should be questioned by all and sundry in this country..The action and inaction of court invasion were barbaric and slapped on our democracy",,@topeedward @YeleSowore,#Freshlypressed,1203919463357308929,https://twitter.com/olalekanidris11/status/1203919463357308929
2019-12-09 05:39:31,nifemi_fyr,,0,0,0,"JUST WHEN I THOUGHT ABOUT GIVING UP I GOT SLAPPED IN THE FACE WITH A BLESSING SLAP LIKE POW!!",,,,1203912033340678146,https://twitter.com/nifemi_fyr/status/1203912033340678146
2019-12-09 03:27:56,FunmiMAyeni,FunmiMAyeni,0,0,2,"Should have shouted. Should have slapped him. Should have taken another road. Second guessing yourself. Women struggle with these things every single day because some people still don't understand consent in the year 2019. Hope you heal bro. But know this, you did NOTHING wrong!",,,,1203878922598912000,https://twitter.com/FunmiMAyeni/status/1203878922598912000
2019-12-09 03:24:40,FunmiMAyeni,FunmiMAyeni,1,0,2,"""Shut up, sebi I only touched your hand. See as she be sef, dirty girl. Wetin I want take this one do?"" This from a guy trying to sell curtains in the market. His 'touch' made my skin crawl. Got home and was thinking should have slapped him while compulsively scrubbing myself.",,,,1203878098355265541,https://twitter.com/FunmiMAyeni/status/1203878098355265541
2019-12-09 02:17:55,neebolt_,dittysweet,0,1,1,"slapped and still does! https://twitter.com/dittysweet/status/1203860932306309120 …",,,,1203861299299573760,https://twitter.com/neebolt_/status/1203861299299573760
2019-12-09 00:33:26,Mrkayyyy,,0,0,1,"Dallas getting slapped.. wake up luka Doncic",,,,1203835005123878913,https://twitter.com/Mrkayyyy/status/1203835005123878913
2019-12-08 22:01:07,ObotUbong,obinwanne4,1,0,0,"Fayose that slapped a judge nko?",,,,1203796674499493891,https://twitter.com/ObotUbong/status/1203796674499493891
2019-12-08 21:49:54,TheHilariousOpe,Chymexbaba,1,0,4,"Coming from someone they slapped for wearing a yellow Chelsea Jersey... Leemao https://twitter.com/Chymexbaba/status/1203784960852865024 …",,,,1203793850994696195,https://twitter.com/TheHilariousOpe/status/1203793850994696195
2019-12-08 21:31:06,Yinka_aa,AkeemSharyzal,0,1,1,"I actually don’t get why nobody slapped him Because wow https://twitter.com/akeemsharyzal/status/1201750785547100160 …",,,,1203789122814513152,https://twitter.com/Yinka_aa/status/1203789122814513152
2019-12-08 20:53:25,mokarios,,0,1,2,"Cardi B has been drinking beer all her life, but Nigerian Guinness slapped her different. 1 bottle knocked her out on both nights she went partying. She didn't know that our thing was brewed for wild animals...",,,,1203779638037766144,https://twitter.com/mokarios/status/1203779638037766144
2019-12-08 20:13:17,Pop_E_Smic,Solomon_Buchi,0,0,0,"1. I can tell Davido is a self absorbed rich kid from all of the scandals dt have trailed him. At the beginning of his career, he slapped a girl at an hotel. He also had a scuffle with a police man.",,,,1203769536639582210,https://twitter.com/Pop_E_Smic/status/1203769536639582210
2019-12-08 20:06:37,majeedibrahim,_Taaooma,0,0,0,"You did everything wrong @_Taaooma. If I were your mum I would have slapped you both left and right for lying. You'd have left 'brother Tayọ' to confess his sins.",,@_Taaooma,,1203767859505192960,https://twitter.com/majeedibrahim/status/1203767859505192960
2019-12-08 18:26:38,SingsOlufemi,ladyoutshine,0,0,0,"Ohhh ok. If that is the case, fine. God bless you for retaliating. If you only slapped him/her once you fall my hand, if twice then you have my heart.",,,,1203742700538859520,https://twitter.com/SingsOlufemi/status/1203742700538859520
2019-12-08 18:18:41,Sir_Carstic,,0,0,0,"Now imagine the bride slapped the groom at this kinda wedding",,,,1203740696471056384,https://twitter.com/Sir_Carstic/status/1203740696471056384
2019-12-08 17:13:20,floshow1979,yashar,0,0,1,"Or maybe investors realized a money losing company that sells a stationary bike with an iPad slapped onto it realized there are better investments out there ?? https://twitter.com/yashar/status/1203690090310094849 …",,,,1203724250705801218,https://twitter.com/floshow1979/status/1203724250705801218
2019-12-08 16:55:28,davidanochie__,AkeemSharyzal,2,0,4,"The family of this girl is useless. They just slapped your daughter/sister and you guys dey look? https://twitter.com/AkeemSharyzal/status/1201750785547100160 …",,,,1203719757276557313,https://twitter.com/davidanochie__/status/1203719757276557313
2019-12-08 15:57:39,Osemenor_Ighedo,,0,0,0,"That nap slapped really hard mehn",,,,1203705204602032128,https://twitter.com/Osemenor_Ighedo/status/1203705204602032128
2019-12-08 15:47:29,Bushmaster234,jayomipe,1,0,0,"I don't want to be slapped.",,,,1203702648131768320,https://twitter.com/Bushmaster234/status/1203702648131768320
2019-12-08 15:46:48,Sirtee21,,1,1,1,"Temperamental Ekiti state Governor elect in 2014, slapped a court judge for being rude to him and then ordered his thugs to beat him further. The victim is Justice John Adeyeye of the Ekiti High Court, Ado Ekiti.",,,,1203702474613415943,https://twitter.com/Sirtee21/status/1203702474613415943
2019-12-08 15:41:13,whipitnigeria,,1,3,4,"all the time or maybe your parents were not that rich, maybe it was that girl at your school that said you are not good enough and you would never amount to anything or it was that your primary school teacher that slapped you on the head and called you slow, stupid, ode.",,,,1203701069760610304,https://twitter.com/whipitnigeria/status/1203701069760610304
2019-12-08 15:29:09,ceunfunmi,officialnairam1,0,0,6,"That bouncer that slapped that guy is a big FOOL.. They always do too much damn!!",,,,1203698032786718720,https://twitter.com/ceunfunmi/status/1203698032786718720
2019-12-08 13:53:53,spacefly_suki,prettyboyDO,0,1,1,"Olamide slapped this guys jaw damn https://twitter.com/prettyboyDO/status/1203611892444471296 …",,,,1203674058598100997,https://twitter.com/spacefly_suki/status/1203674058598100997
2019-12-08 12:37:15,Oshokha_,southboi001,1,0,2,"He said “right” to retaliate. Not retaliate. However, the decision to retaliate lies only on the person the soldier slapped, I believe he will assess the situation and see if he stands a chance. Besides, if we were in a sane country, soldiers shouldn’t hit people.",,,,1203654774006136834,https://twitter.com/Oshokha_/status/1203654774006136834
2019-12-08 12:26:15,ibrandtv,,0,0,0,"Police officer allegedly shoots 18 years old boy dead for retaliating after he slapped him https://ibrandtv.com/police-officer-allegedly-shoots-18-years-old-boy-dead-for-retaliating-after-he-slapped-him/ …pic.twitter.com/lkN0EdPzU9",,,,1203652004981202945,https://twitter.com/ibrandtv/status/1203652004981202945
2019-12-08 12:24:25,clement_bolaji,Olafocus1,0,0,1,"I think you were a child when Fayose slapped a high court judge,then the rule of law does not apply. Nonsense!",,,,1203651545792954368,https://twitter.com/clement_bolaji/status/1203651545792954368
2019-12-08 12:00:25,LordChimdi,_Taaooma,0,0,0,"How come the son never gets slapped",,,,1203645503159906305,https://twitter.com/LordChimdi/status/1203645503159906305
2019-12-08 11:28:44,chuks_andy,lampsy008,0,0,0,"If I died yesterday, it would have been caused by pepper soup n Kepa during the third goal. This guy had the guts to shout at his defense, Omo, I would have slapped him if I was playing next to him",,,,1203637530417082368,https://twitter.com/chuks_andy/status/1203637530417082368
2019-12-08 11:01:50,iam_toocore,,1,1,1,"He continued going to the Oga's house to pick cars, repair or serviced them and then returned the cars. On another faithful day, he was to collect keys from the daughter again. Daughter came out with the keys and the mechanic said ""Aunty, you slapped me that day""",,,,1203630761133383681,https://twitter.com/iam_toocore/status/1203630761133383681
2019-12-08 10:56:43,Rookie_swavey,Everdiva1,0,0,1,"You're awake already probably someone might have slapped you to sleep then",,,,1203629472957784064,https://twitter.com/Rookie_swavey/status/1203629472957784064
2019-12-08 10:12:35,king_drumz,Sir_masco,1,0,0,"The end of that tweet slapped harder than usual",,,,1203618366717661184,https://twitter.com/king_drumz/status/1203618366717661184
2019-12-08 08:52:45,aghajoseph,ChiefOjukwu,0,0,0,"I was among the few that video and drama didn't move.if you watch the video with an opened mind and not with Nollywood mind,you don't need anyone to tell you that it was stagemanaged.did of you saw where a so called lawyer, slapped the assumed DSS, with a fake slap?and I smiled.",,,,1203598274508263424,https://twitter.com/aghajoseph/status/1203598274508263424
2019-12-08 08:25:27,eronmose1e,_MsShanJ,0,1,0,"This slapped hard. Well written ma.. https://twitter.com/_MsShanJ/status/1180357566653698048 …",,,,1203591405362438144,https://twitter.com/eronmose1e/status/1203591405362438144
2019-12-08 08:05:16,BiesloadedNG,,0,0,0,"Graphic photo: Police officer allegedly shoots boy dead for retaliating after he slapped him https://ift.tt/38e730n",,,,1203586324898471936,https://twitter.com/BiesloadedNG/status/1203586324898471936
2019-12-08 07:39:07,Iam_thatbabe,d1dynasty_me,0,0,0,"who slapped me... https://twitter.com/d1dynasty_me/status/1203358678428110849 …",,,,1203579745591603205,https://twitter.com/Iam_thatbabe/status/1203579745591603205
2019-12-08 06:14:44,DayoIge5,AdeBanqie,0,0,0,"Small play ooo. I wonder what version Sowore & team put up their. They all asked ""who are you?"" & a lawyer also slapped the guy for been used to impersonate the DSS. You will slap & push a DSS officer, say what happened? Na Drama. No lawyer will try that. when is not his son",,,,1203558508651778049,https://twitter.com/DayoIge5/status/1203558508651778049
2019-12-08 06:05:11,armani_richie,sam_adeyemi,0,0,0,"I have watched more than 10 different videos even a prosecution lawyer slapped Sowore, I don't like Sowore cos his Sahara Reporters was used in 2015 against a legit democratic government, but the man of God before tweeting have also watched and even may have internal information.",,,,1203556106569748481,https://twitter.com/armani_richie/status/1203556106569748481
2019-12-08 05:27:06,darlwright77,alexlobaloba,0,0,0,"Bros u just made me angry. I would have slapped his neck off. First time one idiot tried this shit I landed an empty bottle on his head. The blood that took over his face that day thought him a big lesson",,,,1203546520739557376,https://twitter.com/darlwright77/status/1203546520739557376
2019-12-08 04:47:19,keish2o,sarnchos,1,0,1,"@sarnchos abeg allow the Ode. They think everyone has same traits of classical foolishness. Single man will come to effect arrest and will be pinned down while his colleagues are outside. If a lawyer slapped him I am sure he would face the lawyer and not Sowore. And if so the",,@sarnchos,,1203536510277939200,https://twitter.com/keish2o/status/1203536510277939200
2019-12-08 00:40:55,AdetayoAdesola,ofuchinyelu,0,0,1,"I hope you slapped him and asked him later if it was okay",,,,1203474504401530880,https://twitter.com/AdetayoAdesola/status/1203474504401530880
2019-12-07 23:02:54,Mrkayyyy,TeamCRonaldo,0,1,3,"Scored tap in only for them to get slapped 3 lol .. https://twitter.com/teamcronaldo/status/1203408890911690759 …",,,,1203449834390331392,https://twitter.com/Mrkayyyy/status/1203449834390331392
2019-12-07 21:04:56,blackboxupdate,,0,0,0,"Police officer shoots 18-year-old boy after retaliating for being slapped - https://blackboxnigeria.com/police-officer-shoots-18-year-old-boy-dead-in-imo/ …",,,,1203420148419436549,https://twitter.com/blackboxupdate/status/1203420148419436549
2019-12-07 21:04:44,OmoMojeed,,0,0,0,"Police officer shoots 18-year-old boy after retaliating for being slapped - https://blackboxnigeria.com/police-officer-shoots-18-year-old-boy-dead-in-imo/ …",,,,1203420100071710720,https://twitter.com/OmoMojeed/status/1203420100071710720
2019-12-07 20:52:35,hakynsholar,Alissonbecker,0,0,0,"When the devil slapped you twice, only God can help you without a third https://twitter.com/Alissonbecker/status/1203375197144965125 …",,,,1203417040893165569,https://twitter.com/hakynsholar/status/1203417040893165569
2019-12-07 20:21:11,mofiiyiin,,1,1,0,"Thank God for my friend that assisted me in holding on to my bag and shooing the thief off. For our other friends, they slapped and slapped one, another literally wrestled for her phone and the last person unluckily had her bag taken. I’ve not been so scared in a while tbh",,,,1203409139256442881,https://twitter.com/mofiiyiin/status/1203409139256442881
2019-12-07 20:03:10,Marrgarritah,TheAjibolaGrey,1,0,0,"You slapped a teacher?????? https://twitter.com/TheAjibolaGrey/status/1203404140828905473 …",,,,1203404606258270211,https://twitter.com/Marrgarritah/status/1203404606258270211
2019-12-07 19:29:48,manniosem,king_Bello7,0,1,1,"In July, this year I got slapped by a female colleague. I did the honourable gentlemanly thing, I walked. Reported to my manager and the reply was, maybe she likes you. Nothing was done. Not even a query. Next time she attempted it...",,,,1203396206992482305,https://twitter.com/manniosem/status/1203396206992482305
2019-12-07 18:40:23,bigchiefenkay,pearlolu,1,0,1,"I am sure for you dear You are fucking lucky Has your breast slapped you before? i’m exaggerating but i swear it’s hard",,,,1203383770054832130,https://twitter.com/bigchiefenkay/status/1203383770054832130
2019-12-07 18:37:20,OkaforNel,alexlobaloba,0,0,0,"Most guys will be like you should have slapped him or given him blow. Guy! You'd be so confused because you never expected sh*t like that. Happened to me a while back. All I wanted to do was just get the f*ck out of there. Sharing this now is making my skin crawl.",,,,1203383003034116097,https://twitter.com/OkaforNel/status/1203383003034116097
2019-12-07 18:30:17,bobeevisualz,FunmiKolz,1,0,1,"So that how you would have slapped me if I did coz am a pda guy",,,,1203381231313915905,https://twitter.com/bobeevisualz/status/1203381231313915905
2019-12-07 18:18:21,razaqisaaa,,0,0,0,"Dawg a manager that gets paid 20 million of the queen's money is getting slapped by Floki's offspring?",,,,1203378227248607235,https://twitter.com/razaqisaaa/status/1203378227248607235
2019-12-07 18:02:24,OsamezuKelvino,,0,0,0,"The spirit of CR7 has been slapped into Rashford 2-0 Rashford Martial #liverpoolarewinningtheleague #liverpool",,,#liverpoolarewinningtheleague #liverpool,1203374211990994946,https://twitter.com/OsamezuKelvino/status/1203374211990994946
2019-12-07 17:57:15,jaykhub_,,1,1,2,"This human has slapped me because of match",,,,1203372917603655680,https://twitter.com/jaykhub_/status/1203372917603655680
2019-12-07 17:29:07,Somoye_,king_Bello7,1,0,1,"Reminds me of a lady that slapped me sometime ago, the lady's hand was so fat being a very fat lady again. The slap sounded like a slammed door.",,,,1203365834833514497,https://twitter.com/Somoye_/status/1203365834833514497
2019-12-07 17:16:03,Iam_NikkyGold,,0,0,0,"Policeman Shoots 18-Year-Old Boy Dead For Retaliating After He Slapped Him (Pix) https://www.naijakitt.com/policeman-shoots-18-year-old-boy-dead-for-retaliating-after-he-slapped-him-pix …",,,,1203362549149794306,https://twitter.com/Iam_NikkyGold/status/1203362549149794306
2019-12-07 17:15:51,horlajeeday,,0,0,0,"Policeman Shoots 18-Year-Old Boy Dead For Retaliating After He Slapped Him (Pix) https://www.naijakitt.com/policeman-shoots-18-year-old-boy-dead-for-retaliating-after-he-slapped-him-pix …",,,,1203362497857753088,https://twitter.com/horlajeeday/status/1203362497857753088
2019-12-07 17:04:01,JezzyJoseph,Naijahunta,0,1,2,"""my Opinion"" has sent many to jail. Ask Naira Marley,Ask sowore. You people lurk under It's my opinion and spawn trash. Wiz riding on Burna wave? You are supposed to be slapped. EP lack Content? Define Content.",,,,1203359519176318981,https://twitter.com/JezzyJoseph/status/1203359519176318981
2019-12-07 16:46:49,richard_ob_,bby5teph,1,0,0,"Pls tell me it slapped",,,,1203355192495869954,https://twitter.com/richard_ob_/status/1203355192495869954
2019-12-07 16:28:58,EmiolaJohnson,DNL_Legalstyle,0,0,0,"Where were the human rights when Fayose slapped a judge in Ekiti, no need for prosecution? Abeg stop these biases. https://twitter.com/DNL_Legalstyle/status/1203346744601448448 …",,,,1203350700723507200,https://twitter.com/EmiolaJohnson/status/1203350700723507200
2019-12-07 15:52:22,gokside,alexlobaloba,0,0,0,"You should have slapped him mehn. Absolute nonsense",,,,1203341489398517760,https://twitter.com/gokside/status/1203341489398517760
2019-12-07 15:47:06,Sikowitz17,Veekey_Mani,2,0,2,"Until he comes home one day with a swollen face telling you that a lady slapped and punched him repeatedly and all he could be was a gentleman..",,,,1203340161733537793,https://twitter.com/Sikowitz17/status/1203340161733537793
2019-12-07 15:20:35,chuks_andy,,0,0,0,"On God, if I was on that team, I would have slapped Kepa on the pitch after the third goal",,,,1203333489699049474,https://twitter.com/chuks_andy/status/1203333489699049474
2019-12-07 15:09:07,oyawoye_tobi,king_Bello7,0,1,3,"It's not even about being a gentleman. Why would get yourself in a situation where a woman would have to slap you? And as you've slapped back, you feel accomplished? https://twitter.com/king_Bello7/status/1202955798256721920 …",,,,1203330605225787393,https://twitter.com/oyawoye_tobi/status/1203330605225787393
2019-12-07 15:03:54,Qwin_belle,jennygodswill,2,0,8,"Why should you slap a guy first? If a guy slapped you first would you maintain same energy?",,,,1203329293125869568,https://twitter.com/Qwin_belle/status/1203329293125869568
2019-12-07 14:59:58,dotoracs,Gidi_Traffic,1,0,0,"I wonder why someone hasn't slapped the man.",,,,1203328301877661696,https://twitter.com/dotoracs/status/1203328301877661696
2019-12-07 14:50:58,oh_cee_ta,pepe_stew,1,0,2,"Once upon a time, not too far away, I was in an argument with a lady, she slapped me 3 times in quick succession to try to get me pissed, took a miracle and firmly clenched fingers, but I'm proud to say I didn't hit back",,,,1203326037028954112,https://twitter.com/oh_cee_ta/status/1203326037028954112
2019-12-07 14:48:59,BisiiAdedun,NizaarKinsella,0,0,0,"Should’ve slapped Willian with the bandage. https://twitter.com/nizaarkinsella/status/1203319818914553858 …",,,,1203325537487392768,https://twitter.com/BisiiAdedun/status/1203325537487392768
2019-12-07 14:45:55,KOlolaiju,adeyanjudeji,0,0,0,"Let's agreed that Dss men arrested sowore inside, the court room, can that be compared with gov slapped a sitting judge inside the court room? pic.twitter.com/UkJuUF5ulr",,,,1203324766108688384,https://twitter.com/KOlolaiju/status/1203324766108688384
2019-12-07 14:41:38,Da_MoNasI,,0,0,0,"No actual LB, our wingers would get slapped by everyone's fullbacks.",,,,1203323688864620549,https://twitter.com/Da_MoNasI/status/1203323688864620549
2019-12-07 14:28:23,amenzeiyamu,_Taaooma,0,0,1,"Lol....wait....how come Mummy has never slapped Tao's brother? https://twitter.com/_Taaooma/status/1203271818259451904 …",,,,1203320353541496832,https://twitter.com/amenzeiyamu/status/1203320353541496832
2019-12-07 14:27:59,JoeyAkan,,1,23,48,"Nigerians when Naira Marley slapped yansh at the strip club. Nigerians: “Bad Influence!” Cardi B slapped Yansh at strip club. Nigerians: She’s promoting Nigerian tourism and pumping money in the economy. pic.twitter.com/jSgRtdZig7",,,,1203320252723060738,https://twitter.com/JoeyAkan/status/1203320252723060738
2019-12-07 14:14:30,ameen_yinka,NigBarAssoc,0,1,5,"Where were these bunch of noise makers when Ayodele Fayose slapped a sitting judge in a court room in Ekiti? This is what happens when an association is headed by a man undergoing corruption trials. All right thinking lawyers should dissociate themselves from this group.",,,,1203316860336431105,https://twitter.com/ameen_yinka/status/1203316860336431105
2019-12-07 14:11:07,Geminibaebae,saheed_s_o,1,1,4,"Oh was he the one Peruzzi slapped??",,,,1203316008011911169,https://twitter.com/Geminibaebae/status/1203316008011911169
2019-12-07 13:48:46,toyinid78,TaiwoBusolami,1,0,0,"Like seriously how can they say he should not speak to the press , that is not ago please, some one slapped u and put u in in prison and ask u not to tell ur family what he did to u, his is a press man m the press is part of him",,,,1203310385115418624,https://twitter.com/toyinid78/status/1203310385115418624
2019-12-07 13:23:03,AppleTvMedia1,,0,0,0,"""Police officer allegedly shoots boy dead for retaliating after he slapped him"" https://www.applemedia.com.ng/2019/12/police-officer-allegedly-shoots-boy.html …pic.twitter.com/UB8xMWFvGt",,,,1203303911710449664,https://twitter.com/AppleTvMedia1/status/1203303911710449664
2019-12-07 12:49:06,lekkiloaded,,0,0,0,"18-year-old boy allegedly shot dead by police officer because he retaliated when the officer slapped him https://www.lekkiloaded.com/2019/12/07/18-year-old-boy-allegedly-shot-dead-by-police-officer-because-he-retaliated-when-the-officer-slapped-him/ …",,,,1203295369112752130,https://twitter.com/lekkiloaded/status/1203295369112752130
2019-12-07 12:48:54,Nairafame_,,0,1,0,"Policeman Shoots 18-Year-Old Boy Dead For Retaliating After He Slapped Him. Read & See More Photos Below https://www.nairafame.com/2019/12/awuzie-duru-policeman-shoots-boy-dead.html … @Gidi_Traffic #traffic #lagos #rss #crimepic.twitter.com/vJMHFv0K0U",,@Gidi_Traffic,#traffic #lagos #rss #crimepic,1203295318068092928,https://twitter.com/Nairafame_/status/1203295318068092928
2019-12-07 12:19:15,talkagblogoffi1,,0,0,0,"18-year-old who allegedly slapped police officer shot dead - Talka~G~blog http://talkagblog.com/18-year-old-who-allegedly-slapped-police-officer-shot-dead/ …",,,,1203287855470141440,https://twitter.com/talkagblogoffi1/status/1203287855470141440
2019-12-07 12:07:18,Omowhunmmy2,king_Bello7,1,0,3,"This is a case of ma fi owo kekere gba nla, if your hand is fast enough to slap a guy cos you are lady then you shouldn't be angry if you get slapped back. All in all nobody should hit anyone, man or woman",,,,1203284850180083712,https://twitter.com/Omowhunmmy2/status/1203284850180083712
2019-12-07 12:05:02,itzsimplicity1,Pastor_CVB,0,0,0,"Simple.... A man that Raise his hand to beat a woman his animal.... A woman that slapped him first should receive honorary award abi",,,,1203284277493927936,https://twitter.com/itzsimplicity1/status/1203284277493927936
2019-12-07 12:02:28,Lanre_banjo,_Taaooma,0,0,0,"Tayo can never be slapped... Omo Iya",,,,1203283631927693312,https://twitter.com/Lanre_banjo/status/1203283631927693312
2019-12-07 11:57:02,Torresng,,0,0,0,"Police officer shoots 18-year-old boy after retaliating for being slapped http://dlvr.it/RKr3Z1",,,,1203282264026517504,https://twitter.com/Torresng/status/1203282264026517504
2019-12-07 11:15:33,iDonsabi,,1,0,0,"Police Officer Allegedly Shoots 18-year-old Boy Dead For Retaliating After He Slapped Him https://idonsabi.com/police-officer-allegedly-shoots-18-year-old-boy-dead-for-retaliating-after-he-slapped-him/ …pic.twitter.com/e9ROtpDbiY",,,,1203271825674903552,https://twitter.com/iDonsabi/status/1203271825674903552
2019-12-07 11:00:59,Ehix07,okeyjames,1,0,0,"One said here the other day she slapped a conductor at oshodi, the conductor only told her God will judge.. Queens were stanning her... https://twitter.com/okeyjames/status/1203263985010782208 …",,,,1203268160885051393,https://twitter.com/Ehix07/status/1203268160885051393
2019-12-07 10:47:42,adebisithemmy,psalmieblitz,3,0,1,"Former governor Ayodele Fayose slapped a sitting judge in a court of law, how bad is that?",,,,1203264815826911238,https://twitter.com/adebisithemmy/status/1203264815826911238
2019-12-07 10:44:08,dejiih,,0,0,0,"Police officer allegedly shoots 18 years old boy dead for retaliating after he slapped him https://wp.me/p5ENp2-17T8 https://wp.me/p5ENp2-17T8",,,,1203263919118258176,https://twitter.com/dejiih/status/1203263919118258176
2019-12-07 10:39:29,Ebuka_XO,,0,1,3,"Carly Rae Jepsen's Call Me Maybe slapped hard that year.",,,,1203262749423341568,https://twitter.com/Ebuka_XO/status/1203262749423341568
2019-12-07 10:28:24,shakespearsa,Nadia_nakai,0,0,0,"Stop right there it’s got nothing to do with her being a woman Boity was just starting out too and her shit slapped hard AF wack is wack dope is dope",,,,1203259959678504961,https://twitter.com/shakespearsa/status/1203259959678504961
2019-12-07 10:18:45,YoungBokoLee,alexlobaloba,0,0,2,"LMAO This tweet just made my point. I pray this happens more to guys who objectify and vilify women. Women complain about this a lot and no one gives a damn. ""oh you should have slapped him, yen yen yen"". Shebi this one is a grown ass man... Lol https://twitter.com/alexlobaloba/status/1203244928752586752 …",,,,1203257532237721601,https://twitter.com/YoungBokoLee/status/1203257532237721601
2019-12-07 10:13:07,adebisithemmy,niranfolami,1,0,0,"When @GovAyoFayose slapped a sitting judge in a court of law NBA didn't boycott courts, so now it's because Sowore was re-arrested in a court room they will boycott the court. Second base O jarè.",,@GovAyoFayose,,1203256115011739648,https://twitter.com/adebisithemmy/status/1203256115011739648
2019-12-07 10:12:48,__ugochi__,Chivie__,0,0,2,"I enjoy being spanked, on my ass though. Slapped? No No? Spat on? Hell NO!!",,,,1203256034896306176,https://twitter.com/__ugochi__/status/1203256034896306176
2019-12-07 09:29:14,Suleymernsas,,0,1,2,"This new Wiz ep #SOUNDMAN slapped me puaah puah",,,#SOUNDMAN,1203245070914379776,https://twitter.com/Suleymernsas/status/1203245070914379776
2019-12-07 09:28:44,alexlobaloba,,12,71,323,"The eleribu still had the audacity to ask for my number. I know some people will say I should've hit him, kicked him, slapped him or para for him. But I can't even touch or exchange words with him. I was highly irritated! He told the rider not collect money from me... 6/7",,,,1203244944489697281,https://twitter.com/alexlobaloba/status/1203244944489697281
2019-12-07 09:22:34,Olanheskay,olusogaowoeye,1,1,1,"The guy even got slapped by a lawyer.. Hmmmn na wa o fake news everyday",,,,1203243391800291328,https://twitter.com/Olanheskay/status/1203243391800291328
2019-12-07 08:35:01,Tho_niah,chuudee__,2,0,1,"Most women don't retaliate when they are slapped instead they get scared",,,,1203231425069289472,https://twitter.com/Tho_niah/status/1203231425069289472
2019-12-07 08:28:31,teeolat1,Tutsy22,1,0,1,"Yeeh who slapped me?",,,,1203229790725124096,https://twitter.com/teeolat1/status/1203229790725124096
2019-12-07 08:25:18,BoluAdeosun,,0,0,1,"Lol, is it the same Fayose that slapped a presiding judge inside a court when court of in session? Or the other Fayose that used the same DSS to attack the Governor of his state? Abegi https://twitter.com/TosinOlugbenga/status/1202911828164202496 …pic.twitter.com/LPrg5koKSG",,,,1203228982285651968,https://twitter.com/BoluAdeosun/status/1203228982285651968
2019-12-07 08:21:26,EyitayoOginni,TosinOlugbenga,0,0,1,"Fayose? That slapped a judge? Same Fayose that presented a budget, passed it and signed it into law all within 2 minutes? Sometimes I wonder what you guys smoke. You should change your dealer. https://twitter.com/TosinOlugbenga/status/1202911828164202496 …",,,,1203228007814619136,https://twitter.com/EyitayoOginni/status/1203228007814619136
2019-12-07 08:18:55,doxpostngr,,0,0,0,"18-Year-Old Boy Allegedly Shot Dead By Police Officer Because He Retaliated When The Officer Slapped Him https://doxpost.com/posts/18-year-old-boy-allegedly-shot-dead-by-police-officer-because-he-retaliated-when-the-officer-slapped-him … #police #deadpic.twitter.com/x7mneXQ2FE",,,#police #deadpic,1203227372750815232,https://twitter.com/doxpostngr/status/1203227372750815232
2019-12-07 08:17:18,Jeusthin,Ehix07,1,0,1,"Even the judge confessed Fayose never slapped him... This was among the Run GEJ Down episodes then in order to install the next dictator",,,,1203226966251446274,https://twitter.com/Jeusthin/status/1203226966251446274
2019-12-07 08:07:16,Its_urboijoel,DannyKvng,2,2,31,"U don hear the new gist in town now that guy wey peruzzi slapped that went deaf tha year? pic.twitter.com/mBi1PopxN8",,,,1203224440504541184,https://twitter.com/Its_urboijoel/status/1203224440504541184
2019-12-07 07:54:49,ifeanyi2toes,craezee_,2,5,14,"In 1996 in a university in the SE, a lady SLAPPED a boy in public b/c the boy 'toasted' her. Boy looked @the babe & himself & walked away. A week later a 'stranger' saw babe leaving her hostel approached her & slapped her. Babe was SLAPPED morn & afternoon for 1 month.",,@the,,1203221309238448129,https://twitter.com/ifeanyi2toes/status/1203221309238448129
2019-12-07 07:42:05,Mrkayyyy,Tintedeyekay,1,0,1,"Yeah I remember lakers getting slapped last season .. lol lebron himself announced AD’s arrival Cos man was fed up ... but so far their partnership dope",,,,1203218104442114048,https://twitter.com/Mrkayyyy/status/1203218104442114048
2019-12-07 07:38:18,Ehix07,TosinOlugbenga,8,31,56,"The same Fayose that slapped a presiding judge inside a court.... GEJ that lost to the tyrant is now smiling with the tyrant, while you guys still carry the pain five years after.. Don't ever mention Fayose again when trying to tweet sane stuff.. https://twitter.com/TosinOlugbenga/status/1202911828164202496 …",,,,1203217152746106880,https://twitter.com/Ehix07/status/1203217152746106880
2019-12-07 07:30:38,Engr_Series,yettyclassy,0,0,2,"Hitting someone and going away with it for whatever reason is Bullying, which is somewhat an endless cycle too. Turn your other ear when you get slapped and you’ll be slapped again. Why not stand up tall and end it once and for all?",,,,1203215222531596293,https://twitter.com/Engr_Series/status/1203215222531596293
2019-12-07 07:25:52,ifeanyi2toes,bEnitA_Ek0ng,0,0,1,"Madam when the policeman slapped you did you slap back?",,,,1203214024550342657,https://twitter.com/ifeanyi2toes/status/1203214024550342657
2019-12-07 07:20:30,ifeanyi2toes,king_Bello7,3,9,29,"In 1996 in a university in the SE, a lady SLAPPED a boy in public b/c the boy 'toasted' her. Boy looked @the babe & himself & walked away. A week later a 'stranger' saw babe leaving her hostel approached her & slapped her. Babe was SLAPPED morn & afternoon for 1 month.",,@the,,1203212674370281472,https://twitter.com/ifeanyi2toes/status/1203212674370281472
2019-12-07 07:18:11,gbengabimbola,shinehead23,2,0,0,"Well bro, try and watch the video again. Guess the guy (in suit) that was slapped wasn't a DSS officer.",,,,1203212090682617856,https://twitter.com/gbengabimbola/status/1203212090682617856
2019-12-07 06:59:27,yomslim,TosinOlugbenga,0,0,0,"Because you mentioned Fayose i just want to remind you that he slapped a judge inside a courtroom",,,,1203207374280024065,https://twitter.com/yomslim/status/1203207374280024065
2019-12-07 06:56:20,ademolafreshh,Lord_of_Saarl,0,0,1,"I swear. You slapped me? Chai. We can’t even be friends anymore",,,,1203206592469946368,https://twitter.com/ademolafreshh/status/1203206592469946368
2019-12-07 06:55:35,dre_daada,Landi3_,1,0,1,".....and it slaps harder than the time it took. U really slapped me, and U know how I mean https://twitter.com/landi3_/status/1203174666661171200 …",,,,1203206403957108736,https://twitter.com/dre_daada/status/1203206403957108736
2019-12-07 06:51:00,360NG2,,0,0,0,"18-year-old boy allegedly shot dead by police officer because he retaliated when the officer slapped him https://360ng.com.ng/18-year-old-boy-allegedly-shot-dead-by-police-officer-because-he-retaliated-when-the-officer-slapped-him/ …pic.twitter.com/Zajzdn9Gx6",,,,1203205248493531136,https://twitter.com/360NG2/status/1203205248493531136
2019-12-07 06:50:54,I_am_damson,,0,0,0,"18-year-old boy allegedly shot dead by police officer because he retaliated when the officer slapped him https://360ng.com.ng/18-year-old-boy-allegedly-shot-dead-by-police-officer-because-he-retaliated-when-the-officer-slapped-him/ …pic.twitter.com/tbRgJMcV0b",,,,1203205221905784832,https://twitter.com/I_am_damson/status/1203205221905784832
2019-12-07 06:50:11,NduChigozie1,,0,0,0,"18-year-old Boy Allegedly Shot Dead By Police Officer Because He Did This 8 hours ago ￼ An 18-year-old boy has allegedly been shot dead by a police officer because he retaliated when the officer slapped… https://www.instagram.com/p/B5wwKcBAd_R/?igshid=1g42qsagr3zna …",,,,1203205041848508416,https://twitter.com/NduChigozie1/status/1203205041848508416
2019-12-07 06:29:36,JibrilAkhigbe2,,0,2,5,"When Ayo Fayose disrupted a court session, slapped a Judge and ordered his thugs to beat him up some more, all these people shouting rule of law didn't have android phones and were not on twitter.",,,,1203199864139657216,https://twitter.com/JibrilAkhigbe2/status/1203199864139657216
2019-12-07 06:24:11,holumyne,atiku,0,0,1,"Never in the history of Nigeria has any man slapped a judge but it happen while diarrhea affected your http://month.You must be sick sir",,,,1203198500521041921,https://twitter.com/holumyne/status/1203198500521041921
2019-12-07 06:22:59,gbengabimbola,shinehead23,1,0,0,"..... another lawyer slapped a man in suits. Watch the trending video again.",,,,1203198198245986305,https://twitter.com/gbengabimbola/status/1203198198245986305
2019-12-07 06:20:37,EmmanuelAting6,DoktorAdvocate,1,0,34,"She slapped me the first time, I form gentleman, she apologised, then I got slapped again, a glass cup thrown at me, saw my blood and let hell lose. Madness doesn't know gender, if you slap me, I return the honors. Gentleman died",,,,1203197603980156928,https://twitter.com/EmmanuelAting6/status/1203197603980156928
2019-12-07 05:57:04,Speedy504272960,ChelsTracy,0,1,0,"His MD slapped the gateman, he now resigned as deputy MD to protest the slap, can he? Will he? But Osibajo should do it",,,,1203191678166872064,https://twitter.com/Speedy504272960/status/1203191678166872064
2019-12-07 05:51:52,Hhorlamilekan,DamiElebe,0,0,2,"Gone are the days when judges were slapped because you are a Governor, what we experienced yesterday is what those behind it wants you to believe, and you believed it That's your own P",,,,1203190367459389440,https://twitter.com/Hhorlamilekan/status/1203190367459389440
2019-12-07 05:33:29,Segzyfranc,teeyon5ce,0,1,9,"So his wife/girlfriend is allowed to slap him but shouldn't be slapped?",,,,1203185742245191680,https://twitter.com/Segzyfranc/status/1203185742245191680
2019-12-07 03:41:48,Sir_Muyen_,SweetMOMdee,3,0,5,"Of course, we expect that the police force in itself will defend their fallen comrade. Nigerians are not that callous. But then you are asking them to feel for people who harrass, maim and kill ordinary citizens, to feel for people who are present when people are slapped. Right!!",,,,1203157633525526528,https://twitter.com/Sir_Muyen_/status/1203157633525526528
2019-12-07 01:05:21,oepforum,,0,0,0,"18-year-old boy allegedly shot dead by #police officer because he retaliated when the officer slapped him http://www.oepforum.com/visitors_view?postid=0712201912520155544603 … #oepforum #oepforum.com #postandearn #Nigeriapic.twitter.com/5PaxTLH98v",,,#police #oepforum #oepforum #postandearn #Nigeriapic,1203118263267409922,https://twitter.com/oepforum/status/1203118263267409922
2019-12-06 23:19:05,RealDeltaBlood,omotaraaaa,3,0,7,"My ex use to hit me alot, the first time he slapped me all his 5 fingers were showing on my cheek, he once beat me in the present of his brother I left him because I knew he will continue hitting me and here is a high probability that I will stab him to death. Learn 2 walk away!!",,,,1203091522259996672,https://twitter.com/RealDeltaBlood/status/1203091522259996672
2019-12-06 23:17:46,Ojo_Sampson,king_Bello7,1,0,0,"I av been slapped by a lady and I walked away tho.. But, the look on my face was enough to make her come begging with her siblings. She was not sure if I was not planning anything. Best let's just keep our both hands away abeg",,,,1203091187982311425,https://twitter.com/Ojo_Sampson/status/1203091187982311425
2019-12-06 23:04:28,K01Abinibi,,0,0,0,"Police officer allegedly shoots boy dead for retaliating after he slapped him http://ow.ly/n7Rj50xu1sE",,,,1203087841070395394,https://twitter.com/K01Abinibi/status/1203087841070395394
2019-12-06 22:09:23,OgbeniOwonikoko,,0,0,0,"18-year-old boy allegedly shot dead by police officer because he retaliated when the officer slapped him https://ift.tt/2DUFdZ2",,,,1203073981848444935,https://twitter.com/OgbeniOwonikoko/status/1203073981848444935
2019-12-06 22:05:43,AnyIyke,amedu14,0,0,0,"Were you there when he slapped the magistrate? Harbinger of false news",,,,1203073056538841093,https://twitter.com/AnyIyke/status/1203073056538841093
2019-12-06 21:32:15,BashirAdeleye,,0,0,0,"...handed his resignation letter to sign. Few years ago, A governorship candidate entered a court room, slapped the Judge and had his gang turn the courtroom on its head. DSS have always been what they are...",,,,1203064635743711239,https://twitter.com/BashirAdeleye/status/1203064635743711239
2019-12-06 21:21:16,pattydearie,,0,0,0,"Pattydearie's Blog: Graphic: Police officer allegedly shoots boy dead for retaliating after he slapped him ... https://www.pattydearie.com/2019/12/graphic-police-officer-allegedly-shoots.html?spref=tw …",,,,1203061869440884742,https://twitter.com/pattydearie/status/1203061869440884742
2019-12-06 21:08:47,gbeducity_com,,0,0,0,"Graphic: Police officer allegedly shoots boy dead for retaliating after he slapped him https://gbeducity.com/2019/12/06/graphic-police-officer-allegedly-shoots-boy-dead-for-retaliating-after-he-slapped-him/ …",,,,1203058728259469314,https://twitter.com/gbeducity_com/status/1203058728259469314
2019-12-06 21:08:27,gbeducity_com,,0,0,0,"Graphic: Police officer allegedly shoots boy dead for retaliating after he slapped him https://gbeducity.com/2019/12/06/graphic-police-officer-allegedly-shoots-boy-dead-for-retaliating-after-he-slapped-him/ …",,,,1203058645879144448,https://twitter.com/gbeducity_com/status/1203058645879144448
2019-12-06 21:02:33,fola_ismaila,sonofomenuko,1,0,1,"I could remember Foyose slapped judge in ekiti under Jonathan",,,,1203057159308824576,https://twitter.com/fola_ismaila/status/1203057159308824576
2019-12-06 20:39:02,john4milan,akinalabi,0,0,0,"Was it not your colleague that slapped a woman in a sex toy shop, simply because he had armed bodyguard. He should try it again when he is alone on the street. The people that are coming to greet you are probably sycophants.",,,,1203051243897327616,https://twitter.com/john4milan/status/1203051243897327616
2019-12-06 20:35:08,Iortimjones1,,0,0,0,"flashback!! Governor elect Fayose slapped judge in ekiti state on 25th September, 2014. Nigeria working era #ThingsFallApart",,,#ThingsFallApart,1203050262216269824,https://twitter.com/Iortimjones1/status/1203050262216269824
2019-12-06 20:33:30,untamedlines,obassyemmy,0,0,0,"He slapped that guy.",,,,1203049850260070401,https://twitter.com/untamedlines/status/1203049850260070401
2019-12-06 20:26:35,Iortimjones1,realFFK,0,0,1,"flashback!! Governor elect Fayose slapped judge in ekiti state on 25th September, 2014. Nigeria working era",,,,1203048111200964609,https://twitter.com/Iortimjones1/status/1203048111200964609
2019-12-06 20:26:18,lajawaa,,0,0,0,"I can remember vividly wen former governor of Ekiti, Ayo Fayose slapped a judge in a court premises & u wailers applauded him. But it's now that u are wailing that DSS are outlaws; bcoz they rearrested a person who blew the trumpet of revolution under a duly elected govt.",,,,1203048038077468672,https://twitter.com/lajawaa/status/1203048038077468672
2019-12-06 20:26:14,Harvey_Mod,bamisope_,1,0,0,"Heard it today for the first time. It was decent. I was working sha so didn't pay so much attention sha. 9lives and Murder in USA slapped sha",,,,1203048022856347649,https://twitter.com/Harvey_Mod/status/1203048022856347649
2019-12-06 20:25:22,Ehix07,DamiElebe,4,40,52,"Ngige a sitting governor was wisked away with the help of federal power despite enjoying immunity, Fayose enter inside court & slapped a presiding judge. You are angry & that is fine, but let's not rewrite history of few years ago. Today was awful & shameful, but aunty calm down https://twitter.com/DamiElebe/status/1202893326711762945 …",,,,1203047804349898753,https://twitter.com/Ehix07/status/1203047804349898753
2019-12-06 20:23:29,websfavourites,,0,0,0,"18-year-old boy allegedly shot dead by police officer because he retaliated when the officer slapped him https://websfavourites.com/naija-blog/2019/12/06/18-year-old-boy-allegedly-shot-dead-by-police-officer-because-he-retaliated-when-the-officer-slapped-him …pic.twitter.com/NU3xFPzEpt",,,,1203047330347401218,https://twitter.com/websfavourites/status/1203047330347401218
2019-12-06 20:23:27,Iortimjones1,SamuelOgundipe,0,0,0,"flashback!! Governor elect Fayose slapped judge in ekiti state on 25th September, 2014. Nigeria working era",,,,1203047319488339969,https://twitter.com/Iortimjones1/status/1203047319488339969
2019-12-06 20:16:37,PMhonie,,0,0,0,"So I legit slapped myself twice today because I thought an insect was on my cheek, When it was just my collar. pic.twitter.com/ybzdNwDCyp",,,,1203045600041881600,https://twitter.com/PMhonie/status/1203045600041881600
2019-12-06 20:16:13,Iortimjones1,atiku,0,0,1,"flashback!! Governor elect Fayose slapped judge in ekiti state on 25th September, 2014. Nigeria working era",,,,1203045501169524737,https://twitter.com/Iortimjones1/status/1203045501169524737
2019-12-06 20:14:04,Iortimjones1,fortune_INYM,1,0,1,"flashback!! Governor elect Fayose slapped judge in ekiti state on 25th September, 2014. Nigeria working era",,,,1203044957839331329,https://twitter.com/Iortimjones1/status/1203044957839331329
2019-12-06 20:12:24,Iortimjones1,,0,0,2,"flashback!! Governor elect Fayose slapped judge in ekiti state on 25th September, 2014. Nigeria working era #FreeSoworeNow",,,#FreeSoworeNow,1203044539667271682,https://twitter.com/Iortimjones1/status/1203044539667271682
2019-12-06 20:04:36,Ifeanyi73304309,theogunmola,0,0,12,"15 seconds after the fight My mother: who slapped who first Me:",,,,1203042576691019778,https://twitter.com/Ifeanyi73304309/status/1203042576691019778
2019-12-06 20:03:28,adeyanjubiodun,channelstv,0,0,0,"I thought Fayose once slapped a judge in Ekiti. @atiku",,@atiku,,1203042291931320320,https://twitter.com/adeyanjubiodun/status/1203042291931320320
2019-12-06 19:46:24,Orifunke,,1,0,4,"Lol. I just remembered one discussion we had in a group chat. A girl had asked her boyfriend what he would do if she slapped him and the boyfriend said he would slap her back. The girl got hurt and asked him why he would even consider hitting her.",,,,1203037998641754118,https://twitter.com/Orifunke/status/1203037998641754118
2019-12-06 19:41:28,Degeniusmedia,,0,0,0,"Police Killed 18-Year-Old Boy Because He Retaliated When The Officer Slapped HIM [PHOTO] https://www.thegeniusmedia.com.ng/2019/12/06/police-killed-18-year-old-boy-because-he-retaliated-when-the-officer-slapped-him-photo/ …pic.twitter.com/6ZhLu4tLtr",,,,1203036754665725953,https://twitter.com/Degeniusmedia/status/1203036754665725953
2019-12-06 19:32:35,Damilarekuku1,,4,4,9,"apparently they have slapped Iyoma. You people can rest now. #AMUnbroken",,,#AMUnbroken,1203034518606749697,https://twitter.com/Damilarekuku1/status/1203034518606749697
2019-12-06 19:30:06,thevine1980,,0,0,0,"18-year-old boy shot dead by police officer because he retaliated when the officer slapped him https://premiumnews24.com/2019/12/18-year-old-boy-shot-dead-by-police-officer-because-he-retaliated-when-the-officer-slapped-him/ …pic.twitter.com/t89Jcpym7v",,,,1203033893391216641,https://twitter.com/thevine1980/status/1203033893391216641
2019-12-06 19:24:35,lindaikeji,,3,4,9,"18-year-old boy shot dead by police officer because he retaliated when the officer slapped him https://www.lindaikejisblog.com/2019/12/18-year-old-boy-shot-dead-by-police-officer-because-he-retaliated-when-the-officer-slapped-him-2.html …",,,,1203032508247371776,https://twitter.com/lindaikeji/status/1203032508247371776
2019-12-06 19:10:41,MiDaY__i,Blackdotmandy,1,0,0,"When i thoughtvi actually held my mother's hand while she tried to slap me where as i actually slapped her https://twitter.com/Blackdotmandy/status/1185146262066212864 …",,,,1203029010336374787,https://twitter.com/MiDaY__i/status/1203029010336374787
2019-12-06 19:06:28,Oluwatosinoj,,0,0,1,"Like... Every other news is secondary for me right now. I could care less if someone was slapped, attacked or beaten. Placing #Sowore in the front burner and the denial of justice.",,,#Sowore,1203027947097141248,https://twitter.com/Oluwatosinoj/status/1203027947097141248
2019-12-06 18:46:10,LadeTawak,,4,7,32,"Submitted talks to so many conferences. Slapped with rejection left and right but happy about the SMWLagos success",,,,1203022837163986944,https://twitter.com/LadeTawak/status/1203022837163986944
2019-12-06 18:42:56,yomslim,atiku,0,0,4,"During PDP reign and GEJ presidency your brother @GovAyoFayose slapped a judge in a courtroom.though i condemned this barbaric action by dss but i just ve to remind uncle about history",,@GovAyoFayose,,1203022024043614212,https://twitter.com/yomslim/status/1203022024043614212
2019-12-06 18:42:25,Raymond41828354,atiku,0,0,0,"But fayose slapped a judge during he's time and you were silent sir.",,,,1203021895374921730,https://twitter.com/Raymond41828354/status/1203021895374921730
2019-12-06 18:26:08,hayourbahme,atiku,0,0,1,"Please get off your high horse Sir. Your younger brother, Fmr Governor Fayose slapped a judge. Stop lying. https://twitter.com/atiku/status/1202984868197613568 …",,,,1203017798047477760,https://twitter.com/hayourbahme/status/1203017798047477760
2019-12-06 18:23:53,hayourbahme,atiku,3,1,7,"Don't make this about politics Sir. Because it's not. It's about the rule of law. The entire political elite have been responsible for dragging us through the mud. It is in this same country that Fayose slapped a judge and used thugs to chase out everybody in the court house.",,,,1203017229085880322,https://twitter.com/hayourbahme/status/1203017229085880322
2019-12-06 18:17:00,Muideen_ganiyat,Abbas_bnSanusi,1,0,0,"Please did you watch the video and saw the part where a lawyer actually slapped him while someone was holding Sowore down? I just want to be sure I am not the only one that saw that part",,,,1203015499002662912,https://twitter.com/Muideen_ganiyat/status/1203015499002662912
2019-12-06 17:51:56,oritz___,danpepperspray,1,0,0,"Smh joy should have slapped you",,,,1203009189632774144,https://twitter.com/oritz___/status/1203009189632774144
2019-12-06 17:43:09,Kloplex,atiku,0,0,3,"I remember a former gov slapped a judge. Is it the then ekiti state gov? No be today abeg",,,,1203006979045769218,https://twitter.com/Kloplex/status/1203006979045769218
2019-12-06 17:08:28,kayodeolusola,,1,0,0,"Strong headed activists, the very next person to mention #revolution With him, or near him, will either get slapped or get that look! #hardlessonsoflife",,,#revolution #hardlessonsoflife,1202998253547118593,https://twitter.com/kayodeolusola/status/1202998253547118593
2019-12-06 16:38:54,Sholabi_Abeeb,atiku,0,0,0,"Those that wasn't set up when one governor slapped one of them in Ekiti. https://twitter.com/atiku/status/1202984873323089926 …",,,,1202990810867871749,https://twitter.com/Sholabi_Abeeb/status/1202990810867871749
2019-12-06 16:36:47,Sholabi_Abeeb,atiku,0,0,0,"This one have forgotten how a judge was slapped by one governor I don't want to mention. Whichever, what happened in the court today is total embarrassment. @MBuhari shouldn't look away at all.https://twitter.com/atiku/status/1202984868197613568 …",,@MBuhari,,1202990276702285824,https://twitter.com/Sholabi_Abeeb/status/1202990276702285824
2019-12-06 16:35:32,AdeBanqie,atiku,22,123,278,"Oga, please can you stop politicizing this very disgraceful act by the DSS or better still, sit out this discussion. You were alive when Ayo Fayose, a member of your party, slapped a Judge. We can't forget. Stop rewriting history here. Have shame for once Sir. https://twitter.com/atiku/status/1202984868197613568 …",,,,1202989962456682497,https://twitter.com/AdeBanqie/status/1202989962456682497
2019-12-06 15:55:48,udezevictor1,iamspreado,1,0,0,"I've been slapped by this a long time ago, you just had to bring it back to re slap me again.",,,,1202979966268383235,https://twitter.com/udezevictor1/status/1202979966268383235
2019-12-06 15:54:39,the_karchi,Royal_Zeelux,0,0,0,"Smashed my phone.. i mumu die.. i just slapped myself now.. chai... I failed my forefathers",,,,1202979673451507712,https://twitter.com/the_karchi/status/1202979673451507712
2019-12-06 15:48:58,___ALABI,ARISEtv,0,0,0,"@OgbeniDipo the Lawyer you seek is here. Alas, he actually attacked the DSS operative while aground and slapped him afterward. It wasn't Sowore as you wrongly opined. What should be the fate of the Lawyer in view of earlier position? https://twitter.com/ARISEtv/status/1202903475778129920 …",,@OgbeniDipo,,1202978245790109699,https://twitter.com/___ALABI/status/1202978245790109699
2019-12-06 15:47:24,beauty_adaugo,,0,0,1,"My mom watched a movie where the woman was trying to feed her man on their wedding day, when she delayed to feed the cake, he slapped her My mom goes “I hope this nonsense is just in Bollywood because if this happens to my child I will climb that high table and take her home”",,,,1202977851500306432,https://twitter.com/beauty_adaugo/status/1202977851500306432
2019-12-06 15:32:18,Adebambo_A,,3,10,21,"A guy on suit was holding sowore and he was slapped on his head constantly, Watch the video well and see the DSS personnel team were all on DSS jacket and caps. Who is the dude? If he was a DSS officer someone will slap him on his head and he would be looking Jokers",,,,1202974049003065344,https://twitter.com/Adebambo_A/status/1202974049003065344
2019-12-06 15:25:46,Adebambo_A,DrJoeAbah,15,5,47,"Dr, We only saw an angle of the video we were allowed to see.a dude on suit was holding him tight and that's it. If that guy was DSS I doubt he would be slapped that way after he left him",,,,1202972406211629056,https://twitter.com/Adebambo_A/status/1202972406211629056
2019-12-06 14:53:02,Tadeygg,jharmo,0,0,0,"My people ehn! Na my case the go treat next, I would have slapped the DSS make I no lie, we go join hands beat am",,,,1202964167319273475,https://twitter.com/Tadeygg/status/1202964167319273475
2019-12-06 14:12:11,LiamHallow,bagsoverfame,0,0,2,"I remember when my mom slapped me because I was crying because she slapped me https://twitter.com/bagsoverfame/status/1150746671732727812 …",,,,1202953888120418306,https://twitter.com/LiamHallow/status/1202953888120418306
2019-12-06 13:53:38,BARACKOFAYZY,efikedimbakara,2,1,3,"but was lawful when Fayose slapped a judge in the court",,,,1202949221814591490,https://twitter.com/BARACKOFAYZY/status/1202949221814591490
2019-12-06 12:57:51,IamKingVader,,8,22,56,"This bike man drove past us and slapped this light skin babe in front of us her wig fell off, someone tried to help her up and noticed she was a guy",,,,1202935182187278336,https://twitter.com/IamKingVader/status/1202935182187278336
2019-12-06 12:39:10,iamspreado,,1,9,34,"My God, I feel slapped pic.twitter.com/agSKDhMuwo",,,,1202930481450360834,https://twitter.com/iamspreado/status/1202930481450360834
2019-12-06 12:37:44,bunmifasae,TosinOlugbenga,1,1,8,"Your mentor that slapped a sitting judge?pls when Nigerians are angry don’t make them switch that anger to u ooo",,,,1202930118794067968,https://twitter.com/bunmifasae/status/1202930118794067968
2019-12-06 12:33:24,demolarashid,TosinOlugbenga,0,1,0,"You can condemn DSS actions without bringing Fayose to it. How is Fayose better? The same man that slapped a judge in his courtroom. https://twitter.com/TosinOlugbenga/status/1202911828164202496 …",,,,1202929030347067392,https://twitter.com/demolarashid/status/1202929030347067392
2019-12-06 11:49:28,___ALABI,obyezeks,0,0,0,"Alien? First, this is a DSS and Sowore. But in recent memory, Fayose of your former polical party, as a ""Gov"", on record, invaded the Court and SLAPPED a Judge na. Doesn't every instances has precedence? https://twitter.com/obyezeks/status/1202915283658297346 …",,,,1202917972404297728,https://twitter.com/___ALABI/status/1202917972404297728
2019-12-06 11:35:14,oluwacovermi11,zadde_yo,0,0,2,"In this same country someone slapped a Judge. Anyways. I just hope very soon I'll be protesting from another country to show support.",,,,1202914391294971907,https://twitter.com/oluwacovermi11/status/1202914391294971907
2019-12-06 11:17:26,callmhecrux,Nwanyimanari,0,0,0,"I saw this news on TV this morning I thought sowore slapped someone that's why they are rough handling him then I got to read the headlines and found out that he did nothing..... This country is really a big zoo cows and hyenas are sitting on lion seats",,,,1202909911178448897,https://twitter.com/callmhecrux/status/1202909911178448897
2019-12-06 11:17:23,dhiwanna,Ogunjobii_,0,1,7,"His hero slapped a judge in the court. We will never forget",,,,1202909897802887168,https://twitter.com/dhiwanna/status/1202909897802887168
2019-12-06 11:16:14,OlasupoJk,,1,1,2,"A government that rode on the toga of 'CHANGE' into power is doing nothing different. Fayose entered a court in Ekiti and the presiding judge was slapped. Now a judge was chased away wth guns in the name of arrest during court proceedings, any difference?",,,,1202909610509848578,https://twitter.com/OlasupoJk/status/1202909610509848578
2019-12-06 10:50:39,FineManArtist,graceekpo_,1,0,1,"For pleasure.? Thats just crazy! Well I've seen few myself though. Its just sad mehn! i slapped a girl once in primary schl after she slapped me twice and she started bleeding.i started crying. More reason why i won't raise my hand at any woman again.",,,,1202903170059526146,https://twitter.com/FineManArtist/status/1202903170059526146
2019-12-06 10:31:48,oluwa_tomiwa10,,1,3,9,"That moment you were drunk the previous day and your friend start telling you my guy your are strong o,see how you slapped your father before you burnt your school certificates pic.twitter.com/tR2C75Nrrd",,,,1202898429015470081,https://twitter.com/oluwa_tomiwa10/status/1202898429015470081
2019-12-06 10:08:45,chinedumc92,jennygodswill,2,1,2,"Omo amaka I can't sleep without clothes after one experienced I had I wore an oversized trouser to sleep only to find out that a mouse was almost at my balls.....I almost shouted the house down and slapped the hell out the rat which I eventually killed with a hammer....",,,,1202892627689005056,https://twitter.com/chinedumc92/status/1202892627689005056
2019-12-06 09:54:59,_thelifeoftimmy,Jhus,0,0,2,"You wouldn’t know money if it slapped you in your face - J hus (high roller ft Nines) https://twitter.com/Jhus/status/1202785747172036608 …",,,,1202889163164569601,https://twitter.com/_thelifeoftimmy/status/1202889163164569601
2019-12-06 09:03:59,ifeoluwa_joel2,the_me_jii,1,0,14,"Dem no born any soldier well make he touch this one. Even if she slapped them.",,,,1202876327247917056,https://twitter.com/ifeoluwa_joel2/status/1202876327247917056
2019-12-06 08:14:57,Mr_Agbenyah,Joy997FM,5,1,15,"Yes There was an argument and in the middle of it she slapped me. I actually got annoyed but didn't do anything in retaliation. I left the house immediately and returned the next day.",,,,1202863988549332993,https://twitter.com/Mr_Agbenyah/status/1202863988549332993
2019-12-06 07:54:49,iyewunmieverns,aproko_doctor,0,0,0,"Who slapped me??!! This early morning https://twitter.com/aproko_doctor/status/1202835848649162752 …",,,,1202858923231006720,https://twitter.com/iyewunmieverns/status/1202858923231006720
2019-12-06 07:38:07,oluwaseyi_x,DipoOgidan,2,0,0,"oloriokosinbowa would have slapped better",,,,1202854718084657154,https://twitter.com/oluwaseyi_x/status/1202854718084657154
2019-12-06 07:18:15,erykdiwe,seleijewere,1,1,1,"Some don't even need to be slapped before they die. My lawyer landlady the other day was repping a client that told somebody in the public bus that you will die while insulting each other. Other guy got to his bus stop, got down, collapsed and died just like that. Power of tongue",,,,1202849719506132992,https://twitter.com/erykdiwe/status/1202849719506132992
2019-12-06 01:31:28,Pintojoke,whoisoladipo,0,0,0,"I once slapped pamilerin",,,,1202762447381245953,https://twitter.com/Pintojoke/status/1202762447381245953
2019-12-05 22:03:54,bashstudioz,TheLexash,0,0,4,"A guy did this in a bus on my way from Osogbo to Ibadan.. I slapped him severally in my mind. https://twitter.com/TheLexash/status/1202690746417106951 …",,,,1202710211024314370,https://twitter.com/bashstudioz/status/1202710211024314370
2019-12-05 21:49:13,seunthesage,kurtinc,0,0,1,"I think mine was the one you did with Sully on BombTech, really got my mind working towards the crazy results you achieve just with email. That episode slapped!",,,,1202706517922856960,https://twitter.com/seunthesage/status/1202706517922856960
2019-12-05 21:28:11,Anambravirgin,olaprinz,0,0,0,"I slapped a nurse's ass cos of this",,,,1202701225239728133,https://twitter.com/Anambravirgin/status/1202701225239728133
2019-12-05 21:22:50,blaqee_chan,FaruqBashar,0,0,0,"aswear,,it slapped",,,,1202699876057960465,https://twitter.com/blaqee_chan/status/1202699876057960465
2019-12-05 21:15:54,Joshtone10,,1,0,1,"I cannot thank @AlikoDangote enough. I asked him for N500K to settle my overdue rent oo but he slapped me with N5m. Dear @AlikoDangote please don't slap me, beat me when I wake up from this dream. Sign. Yours Adopted son, Josh.",,@AlikoDangote @AlikoDangote,,1202698131479154694,https://twitter.com/Joshtone10/status/1202698131479154694
2019-12-05 20:30:47,decimal_point,UnclePamilerin,1,0,0,"Somebody that slapped you. https://twitter.com/UnclePamilerin/status/1202401885090660352 …",,,,1202686776923570176,https://twitter.com/decimal_point/status/1202686776923570176
2019-12-05 19:55:29,Ladydondharmie,Teminikanlayo,0,0,0,"Sorry dear. Anyone who knows me would know that I would have slapped him before getting down. I also might have cried after the whole thing but I would have slapped him first. Don’t let it get to you. https://twitter.com/teminikanlayo/status/1202667830585577473 …",,,,1202677894696357888,https://twitter.com/Ladydondharmie/status/1202677894696357888
2019-12-05 19:53:33,Micavel_xo,,0,0,1,"@_moniecekyra this song slapped in ‘017 pic.twitter.com/wQXXyyhN1F",,@_moniecekyra,,1202677409092378624,https://twitter.com/Micavel_xo/status/1202677409092378624
2019-12-05 19:22:19,The_Ronkee,ekpekingsley,1,0,0,"Did I say it did? Just said it was sexual, do u want to be slapped this night itam",,,,1202669548798910465,https://twitter.com/The_Ronkee/status/1202669548798910465
2019-12-05 18:31:44,ehitony_,joshua_nnwoka,0,0,0,"It would have slapped harder if I was touching my face right?",,,,1202656816909504514,https://twitter.com/ehitony_/status/1202656816909504514
2019-12-05 17:49:20,nostradrmus,a__vanita,1,0,0,"I cant wait to be slapped by dis sha",,,,1202646147275378690,https://twitter.com/nostradrmus/status/1202646147275378690
2019-12-05 17:43:09,orewtf,Therenike,1,0,0,"That was you when they slapped you 6 times in Queens College",,,,1202644593138950144,https://twitter.com/orewtf/status/1202644593138950144
2019-12-05 16:15:08,the_pseudoverse,,5,0,14,"last day of physical classes for the semester I look AND feel like a slapped ass pic.twitter.com/BmXhpHLg6w",,,,1202622443669426178,https://twitter.com/the_pseudoverse/status/1202622443669426178
2019-12-05 15:50:40,AreSieze,,0,1,3,"Twitter is affecting me... A Soldier slapped one Agbero dat was standing next to me at Oshodi under bridge in this afternoon and I don't know when I shout ""Mad oooo"" Anyways I'm fine now pic.twitter.com/3nDsD5d6wp",,,,1202616284590039041,https://twitter.com/AreSieze/status/1202616284590039041
2019-12-05 15:12:32,omohloyl,shank_comics,0,0,2,"Lol..you slapped her head",,,,1202606689452773376,https://twitter.com/omohloyl/status/1202606689452773376
2019-12-05 14:02:14,aremulateef1,Dammielawlar,1,1,0,"Are you sure it's not the same daddy who almost slapped me few days ago at Mokola? https://twitter.com/Dammielawlar/status/1202496779629027328 …",,,,1202588995307343872,https://twitter.com/aremulateef1/status/1202588995307343872
2019-12-05 13:51:00,tewogbadekamil,olanrewaju_sd,1,0,0,"If you follow him..you will know that's he's not consistent.Same person that preached killing of a section of the country.He slapped one of his congregants.A partisan pastor.All these point to one thing.. the statement na audio.",,,,1202586167901863936,https://twitter.com/tewogbadekamil/status/1202586167901863936
2019-12-05 12:59:11,NiggrRaw,__emdee,2,0,0,"I don’t know if you noticed but common sense minus the features slapped hard",,,,1202573131526877188,https://twitter.com/NiggrRaw/status/1202573131526877188
2019-12-05 11:10:52,official_chidex,,7,24,48,"#Mercenaries pls pray for me ohhh.... I just slapped 7 of my customers cause they've been depriving me to come online since morning and hype my Queen By the way... Mercy is going shopping today at Sims owerri #MercyAtSimsOwerripic.twitter.com/Vhl3yb6UyA",,,#Mercenaries #MercyAtSimsOwerripic,1202545871814045696,https://twitter.com/official_chidex/status/1202545871814045696
2019-12-05 10:49:00,KentKen11,nerdivistt,0,0,1,"Was it the number of years (12yrs) they (the court) slapped on him?",,,,1202540367285039104,https://twitter.com/KentKen11/status/1202540367285039104
2019-12-05 10:26:59,KentKen11,officialEFCC,2,0,2,"I applaud ur indefatigablity towards the eradication of cyber crime,I also wish & solicit for same bravity to be used on our political lootocrats. Am ecstatic that the court has found Orji Uzor Kalu guilty,I'l be happier if he's slapped with 15yrs jail term with no fine option.",,,,1202534825783115776,https://twitter.com/KentKen11/status/1202534825783115776
2019-12-05 10:15:43,AllisonTobii,,0,1,1,"Mane gave me some FPL beauty last night. My team has always slapped, poor choice of captaincy was my problem.",,,,1202531991658389504,https://twitter.com/AllisonTobii/status/1202531991658389504
2019-12-05 10:01:33,coldnoseHotlips,,2,0,0,"again of him touching at this time he had brought out his manhood and was stroking real hard then tryna to me as he was using the same hand to control his gear..there and then I thought of what to do and decided to video him and after then slapped him on the hand so hard",,,,1202528427821207554,https://twitter.com/coldnoseHotlips/status/1202528427821207554
2019-12-05 10:01:05,Zahunnie_,Kyrie_54,1,0,1,"She slapped his butt I almost died no wonder Jackson couldn't close his mouth",,,,1202528308690333696,https://twitter.com/Zahunnie_/status/1202528308690333696
2019-12-05 09:49:21,tylerdgenius,The__Oluchime,0,0,0,"You're bold oh It's COS no body has slapped the LOG inside your brain out yet. My friend will you keep qwayet before I send down fire and give your brain a TAN https://twitter.com/The__Oluchime/status/1202468250082324480 …",,,,1202525356198113280,https://twitter.com/tylerdgenius/status/1202525356198113280
2019-12-05 06:08:13,boyeolumuyiwa,cchukudebelu,0,0,1,"I've said it repeatedly d docile christianity of always turning d other cheek when slapped repeatedly will destroy this country one day. My prayer is for our fake GOs and pastors not to escape when this country will explode, cos surely its coming",,,,1202469705417662464,https://twitter.com/boyeolumuyiwa/status/1202469705417662464
2019-12-05 00:47:49,IiFabby,itz_sammiekay,1,0,2,"Why was i slapped too",,,,1202389076265099269,https://twitter.com/IiFabby/status/1202389076265099269
2019-12-04 23:31:55,melanateddude,,0,0,0,"that Chinese I just had slapped real hard.",,,,1202369976381968384,https://twitter.com/melanateddude/status/1202369976381968384
2019-12-04 18:21:33,DOCoker,,0,0,0,"I wanna try the orijin beer + orijin bitters again.. slapped the last time",,,,1202291866068279297,https://twitter.com/DOCoker/status/1202291866068279297
2019-12-04 18:10:05,Yinka_aa,MyyuteSatha,0,0,0,"Lmfaooooo Busta almost slapped him https://twitter.com/MyyuteSatha/status/1202031270798254080 …",,,,1202288982828163072,https://twitter.com/Yinka_aa/status/1202288982828163072
2019-12-04 18:06:05,Ainagol38924552,izybaby01,0,0,0,"the spirit should have slapped sense into his head",,,,1202287977713549313,https://twitter.com/Ainagol38924552/status/1202287977713549313
2019-12-04 17:38:06,kenyadad12,,0,0,2,"Collin's got slapped down earlier His anger has subsided but his attempt to be personable and make a joke about the room temperature fell flat LMFAO",,,,1202280932801175553,https://twitter.com/kenyadad12/status/1202280932801175553
2019-12-04 17:04:14,monisweeteyes,MissAdunola_,0,0,0,"No...i slapped him and kicked him out of his bus smelling question",,,,1202272409690103808,https://twitter.com/monisweeteyes/status/1202272409690103808
2019-12-04 16:44:49,dre_daada,,3,1,7,"As a Guy, has a Lady ever slapped U before?",,,,1202267522235555855,https://twitter.com/dre_daada/status/1202267522235555855
2019-12-04 16:37:54,kenyadad12,,1,1,3,"Turley just got slapped down LMFAO",,,,1202265784195657728,https://twitter.com/kenyadad12/status/1202265784195657728
2019-12-04 12:15:04,realbishopo346,Amaka_Ekwo,0,2,3,"They (channels TV) should report it that ""Channels TV cameraman slapped a police officer barring him from taking shots"" Channels ndi ara",,,,1202199637907693571,https://twitter.com/realbishopo346/status/1202199637907693571
2019-12-04 12:13:48,mgrin_y,Peruzzi_VIBES,0,0,0,"But you purposely slapped Pamilerin @UnclePamilerin a very good lover indeed .",,@UnclePamilerin,,1202199321032220673,https://twitter.com/mgrin_y/status/1202199321032220673
2019-12-04 12:06:57,olaprinz,,70,251,451,"Lemme bring this back to the TL Local man proposes to his gf buh unfortunately got slapped What's your thought on this?! pic.twitter.com/mTvAPvjqci",,,,1202197597563367424,https://twitter.com/olaprinz/status/1202197597563367424
2019-12-04 10:35:30,ekwunife_dan,Leonard_mezu,0,0,4,"People can take individual opinion So personal in d viewing centres. Earlier this season, I closed late from work, couldn't get home to watch football, so I had to branch to a viewing centre - Chelsea v Watford. I said Abraham is better dan rashford. Man U fans almost slapped me",,,,1202174584168079360,https://twitter.com/ekwunife_dan/status/1202174584168079360
2019-12-04 10:15:09,boj_707,,0,0,1,"This decade really slapped pic.twitter.com/BQ0N4P5uEN",,,,1202169460175593472,https://twitter.com/boj_707/status/1202169460175593472
2019-12-04 08:25:15,JorjexGman,ganderqueen,0,0,0,"is this thick or....Yeh! Who slapped me?",,,,1202141806042976257,https://twitter.com/JorjexGman/status/1202141806042976257
2019-12-04 08:24:31,chrisjaguars,Elcrucifixio,0,0,0,"Is it because I use teach instead of taught that you slapped me, sorry I won't do it again. Ah! Another slap",,,,1202141617672601601,https://twitter.com/chrisjaguars/status/1202141617672601601
2019-12-04 08:19:49,chrisjaguars,Elcrucifixio,0,0,0,"Sir, their is nothing like 13th month. My teacher didn't teach that to me. He always said 12months make a year. Ah! Who slapped me?",,,,1202140436929875968,https://twitter.com/chrisjaguars/status/1202140436929875968
2019-12-04 07:56:36,doiscastro,ylrishh,1,0,1,"Nah. Y'all yak and yak about helping the 'community' and 'locals' but you can't give the actual stats? CHR slapped you guys with violations for years. Let's look at the bigger picture here. Oh wait here's a picture of the damage you did!!! @ylrishhpic.twitter.com/visTosPsbY",,@ylrishhpic,,1202134596076240896,https://twitter.com/doiscastro/status/1202134596076240896
2019-12-04 07:41:55,PearlAdedoyin,___Temilolu,1,0,0,"People that deserve to be slapped",,,,1202130897513959424,https://twitter.com/PearlAdedoyin/status/1202130897513959424
2019-12-04 07:34:23,deolaodutola,despatra,1,0,0,"it was just there tbh the songs that slapped had already been released imo",,,,1202129002842009600,https://twitter.com/deolaodutola/status/1202129002842009600
2019-12-04 07:33:46,olawoyeolamipo1,sirtee4632,1,0,1,"He slapped the evil spirit in you. Hope you're free now?",,,,1202128846616702976,https://twitter.com/olawoyeolamipo1/status/1202128846616702976
2019-12-03 22:45:18,hybee_solar,,1,0,3,"The robberies are becoming very rampant. A friend at work narrated her horror story today. She was slapped by some guys because they wanted to rob her off her phone.",,,,1201995853789040641,https://twitter.com/hybee_solar/status/1201995853789040641
2019-12-03 21:13:55,la0lu,djayyy__,0,0,1,"Even the guy that got slapped probably can't remember his name https://twitter.com/djayyy__/status/1201566002586279937 …",,,,1201972859012288512,https://twitter.com/la0lu/status/1201972859012288512
2019-12-03 20:34:40,RebelChuck,Gidi_Traffic,0,1,0,"Whoever that is outraged that isnt a vegetarian needs to be slapped. Besides, our laws don’t recognize anythting like Animal Cruelty. Bastards suffering from identity crisis https://twitter.com/Gidi_Traffic/status/1201874196026077185 …",,,,1201962981275385865,https://twitter.com/RebelChuck/status/1201962981275385865
2019-12-03 19:05:09,folacrown11,,0,0,0,"People are really rude in this Lagos sha! This is how this one almost got slapped. Idiot",,,,1201940452016099328,https://twitter.com/folacrown11/status/1201940452016099328
2019-12-03 18:42:53,nazathegeneral,,0,0,0,"that 2.00 to 2.47 of vibration would have slapped harder if that “don’t go baby, carry me dey go baby...” was still playing in the back ground",,,,1201934850019807232,https://twitter.com/nazathegeneral/status/1201934850019807232
2019-12-03 18:29:49,Gunjuzone,Tcheryph,1,0,0,"At bus stop today, two police officers hijack a NAPEP and demanded to be taken to their destination. He wasn't even going to that area. They had guns, I would have slapped them",,,,1201931559714131971,https://twitter.com/Gunjuzone/status/1201931559714131971
